ID,Fakultet,Guruh,F.I.Sh.,Yotoqxona,Xona,Holat,Jami to'lov,To'langan summa,Qarzdorlik,Kvitansiya havolasi,Sana vaqti,Telegram foydalanuvchi
ST-1001,Dasturiy injiniring,DI-21-01,Karimov Alisher Baxtiyor o'g'li,1-yotoqxona,204,To'lanmagan,1800000,0,1800000,,,
ST-1002,Dasturiy injiniring,DI-21-01,Toshmatova Zilola Farhod qizi,1-yotoqxona,205,To'lanmagan,1800000,0,1800000,,,
ST-1003,Dasturiy injiniring,DI-21-02,Rustamov Jasur Jamshid o'g'li,1-yotoqxona,206,To'langan,1800000,1800000,0,https://drive.google.com/open?id=demo_receipt_1,2026-10-01 10:15:22,@jasur_r
ST-1004,Dasturiy injiniring,DI-21-02,Abdullayeva Shahnoza Akmal qizi,1-yotoqxona,207,To'lanmagan,1800000,0,1800000,,,
ST-1005,Kompyuter injiniringi,KI-22-01,Xoliqov Bobur Dilshod o'g'li,2-yotoqxona,310,To'lanmagan,1800000,0,1800000,,,
ST-1006,Kompyuter injiniringi,KI-22-01,Ismoilova Madina Sanjar qizi,2-yotoqxona,311,To'lanmagan,1800000,0,1800000,,,
ST-1007,Kompyuter injiniringi,KI-22-02,Ergashev Sardor Ulug'bek o'g'li,2-yotoqxona,312,To'lanmagan,1800000,0,1800000,,,
ST-1008,Sun'iy intellekt,SI-23-01,Nazarov Otabek Sherzod o'g'li,3-yotoqxona,105,To'lanmagan,1800000,0,1800000,,,
ST-1009,Sun'iy intellekt,SI-23-01,Qodirova Sevara Mahmud qizi,3-yotoqxona,106,To'lanmagan,1800000,0,1800000,,,
ST-1010,Kiberxavfsizlik,KX-22-01,Rahimov Bekzod Tohir o'g'li,3-yotoqxona,214,To'lanmagan,1800000,0,1800000,,,
ST-1011,Kiberxavfsizlik,KX-22-01,Yo'ldoshev Diyor Rustam o'g'li,3-yotoqxona,215,To'lanmagan,1800000,0,1800000,,,
ST-1012,Iqtisodiyot va moliya,IM-21-03,Mirzayev Javohir Botir o'g'li,4-yotoqxona,401,To'lanmagan,1800000,0,1800000,,,
ST-1013,Iqtisodiyot va moliya,IM-21-03,Hasanova Nilufar Shuhrat qizi,4-yotoqxona,402,To'langan,1800000,1800000,0,https://drive.google.com/open?id=demo_receipt_2,2026-10-02 14:20:00,@nilufar_h
